<?xml version="1.0" encoding="utf-8"?>
<manifest identifier="TObexpKmVeIU0" xmlns="http://www.imsproject.org/xsd/imscp_rootv1p1p2" xmlns:adlcp="http://www.adlnet.org/xsd/adlcp_rootv1p2" xmlns:xsi="http://www.w3.org/2001/XMLSchema-instance" xmlns:lom="http://www.imsglobal.org/xsd/imsmd_rootv1p2p1" xsi:schemaLocation="http://www.imsproject.org/xsd/imscp_rootv1p1p2 imscp_rootv1p1p2.xsd http://www.imsglobal.org/xsd/imsmd_rootv1p2p1 imsmd_rootv1p2p1.xsd http://www.adlnet.org/xsd/adlcp_rootv1p2 adlcp_rootv1p2.xsd">
	<metadata>
		<schema>ADL SCORM</schema>
		<schemaversion>1.2</schemaversion>
		<lom:lom>
			<lom:general>
				<lom:title>
					<lom:langstring>A-Level Physics Properties of Waves</lom:langstring>
				</lom:title>
			</lom:general>
			<lom:educational>
				<lom:typicallearningtime>
				<lom:datetime>01:00:00</lom:datetime>
				</lom:typicallearningtime>
			</lom:educational>
		</lom:lom>
	</metadata>
	<organizations default="a-level_physics_properties_of_waves_organization">
		<organization identifier="a-level_physics_properties_of_waves_organization">

			<title>A-Level Physics Properties of Waves</title>
			<item identifier="F111B69D-410E-4A03-A99F-68FFC136D4D2" identifierref="resource">
				<title>A-Level Physics Properties of Waves</title>
			</item>
		</organization>
	</organizations>
	<resources>
		<resource identifier="resource" type="webcontent" adlcp:scormtype="sco" href="res/index.html">
			<file href="res/data/apple-touch-icon.png"/>
<file href="res/data/browsersupport.js"/>
<file href="res/data/favicon.ico"/>
<file href="res/data/fonts/fnt0.woff"/>
<file href="res/data/fonts/fnt1.woff"/>
<file href="res/data/fonts/fnt2.woff"/>
<file href="res/data/fonts/fnt3.woff"/>
<file href="res/data/fonts/fnt4.woff"/>
<file href="res/data/goodbye.html"/>
<file href="res/data/html5-unsupported.html"/>
<file href="res/data/html5.png"/>
<file href="res/data/images/img-16785551300e92a49e4f59166b1c6aaa1f1ce69f.PNG"/>
<file href="res/data/images/img-3538c3f02ab9ea8cdc5d415033e3ad7d01806cf0.PNG"/>
<file href="res/data/images/img-3ca9ed3e868abb8e9c4e0646227727c96d4ef911.PNG"/>
<file href="res/data/images/img-5a3d3b429da431b28928eb7950e53375ad8661d0.PNG"/>
<file href="res/data/images/img-5a611d14c7fbf75896478aaf5a2cce68b0ae6d0f.PNG"/>
<file href="res/data/images/img-8386dc24d042c555c6f317831fea98e121564b2c.PNG"/>
<file href="res/data/images/img-b80815b8dd2976bf98588dd7cd693a9d6d63cc32.PNG"/>
<file href="res/data/images/img-bb871ea207ea7bea106f8863f7d60f38b0c82e92.jpg"/>
<file href="res/data/images/img-d07162ba70f76283da8269450c4368cf94dd331a.PNG"/>
<file href="res/data/lms.js"/>
<file href="res/data/player.js"/>
<file href="res/index.html"/>
<file href="res/preview.png"/>

		</resource>
	</resources>
</manifest>