<?xml version="1.0" encoding="UTF-8" standalone="no" ?>
<presentation availableOffline="1" guid="6DF92D88-0A5F-43EF-AB2E-43BCCD05F31C" version="0">
	<info>
		<title>A-Level Physics Properties of Waves</title>
		<description/>
	</info>
	<files index="id27" thumbnail="id22" totalSize="2091128">
		<file id="id0">data/apple-touch-icon.png</file>
		<file id="id1">data/browsersupport.js</file>
		<file id="id2">data/favicon.ico</file>
		<file id="id3">data/fonts/fnt0.woff</file>
		<file id="id4">data/fonts/fnt1.woff</file>
		<file id="id5">data/fonts/fnt2.woff</file>
		<file id="id6">data/fonts/fnt3.woff</file>
		<file id="id7">data/fonts/fnt4.woff</file>
		<file id="id8">data/goodbye.html</file>
		<file id="id9">data/html5-unsupported.html</file>
		<file id="id10">data/html5.png</file>
		<file id="id11">data/images/img-16785551300e92a49e4f59166b1c6aaa1f1ce69f.PNG</file>
		<file id="id12">data/images/img-3538c3f02ab9ea8cdc5d415033e3ad7d01806cf0.PNG</file>
		<file id="id13">data/images/img-3ca9ed3e868abb8e9c4e0646227727c96d4ef911.PNG</file>
		<file id="id14">data/images/img-5a3d3b429da431b28928eb7950e53375ad8661d0.PNG</file>
		<file id="id15">data/images/img-5a611d14c7fbf75896478aaf5a2cce68b0ae6d0f.PNG</file>
		<file id="id16">data/images/img-8386dc24d042c555c6f317831fea98e121564b2c.PNG</file>
		<file id="id17">data/images/img-b80815b8dd2976bf98588dd7cd693a9d6d63cc32.PNG</file>
		<file id="id18">data/images/img-bb871ea207ea7bea106f8863f7d60f38b0c82e92.jpg</file>
		<file id="id19">data/images/img-d07162ba70f76283da8269450c4368cf94dd331a.PNG</file>
		<file id="id20">data/ismplayer/app_store2x.png</file>
		<file id="id21">data/ismplayer/play.svg</file>
		<file id="id22">data/ismplayer/preview.png</file>
		<file id="id23">data/ismplayer/style.css</file>
		<file id="id24">data/ismplayer/style_mini.css</file>
		<file id="id25">data/lms.js</file>
		<file id="id26">data/player.js</file>
		<file id="id27">index.html</file>
		<file id="id28">ismplayer.html</file>
		<file id="id29">preview.png</file>
	</files>
</presentation>

